{
    "model_type": "RandomForest",
    "features": [
        "Species",
        "Age",
        "Gender",
        "Infection_Site",
        "Prior_Antibiotic_Use_Days",
        "Hospital_Stay_Days",
        "Antibiotic_Tested"
    ],
    "num_features": [
        "Age",
        "Prior_Antibiotic_Use_Days",
        "Hospital_Stay_Days"
    ],
    "cat_features": [
        "Species",
        "Gender",
        "Infection_Site",
        "Antibiotic_Tested"
    ],
    "target_col": "Susceptibility",
    "ignore_cols": [
        "Isolate_ID"
    ],
    "classes": [
        "Resistant",
        "Intermediate",
        "Susceptible"
    ],
    "metrics": {
        "accuracy": 0.7,
        "precision": 0.7081404468764251,
        "recall": 0.7,
        "f1_score": 0.7031248862109324,
        "confusion_matrix": [
            [
                69,
                23,
                0
            ],
            [
                14,
                40,
                12
            ],
            [
                2,
                9,
                31
            ]
        ],
        "classification_report": {
            "Resistant": {
                "precision": 0.8117647058823529,
                "recall": 0.75,
                "f1-score": 0.7796610169491526,
                "support": 92.0
            },
            "Intermediate": {
                "precision": 0.5555555555555556,
                "recall": 0.6060606060606061,
                "f1-score": 0.5797101449275363,
                "support": 66.0
            },
            "Susceptible": {
                "precision": 0.7209302325581395,
                "recall": 0.7380952380952381,
                "f1-score": 0.7294117647058823,
                "support": 42.0
            },
            "accuracy": 0.7,
            "macro avg": {
                "precision": 0.6960834979986826,
                "recall": 0.698051948051948,
                "f1-score": 0.6962609755275238,
                "support": 200.0
            },
            "weighted avg": {
                "precision": 0.7081404468764251,
                "recall": 0.7,
                "f1-score": 0.7031248862109324,
                "support": 200.0
            }
        }
    },
    "training_time": 0.4849710464477539
}